<?xml version="1.0" encoding="UTF-8"?>
<project-private xmlns="http://www.netbeans.org/ns/project-private/1">
    <editor-bookmarks xmlns="http://www.netbeans.org/ns/editor-bookmarks/2" lastBookmarkId="0"/>
    <open-files xmlns="http://www.netbeans.org/ns/projectui-open-files/2">
        <group>
            <file>file:/C:/xampp/htdocs/PhpProject1/welcome.php</file>
            <file>file:/C:/xampp/htdocs/PhpProject1/Login.php</file>
            <file>file:/C:/xampp/htdocs/PhpProject1/Logout.php</file>
            <file>file:/C:/xampp/htdocs/PhpProject1/Reset-Password.php</file>
            <file>file:/C:/xampp/htdocs/PhpProject1/Config.php</file>
            <file>file:/C:/xampp/htdocs/PhpProject1/index.php</file>
            <file>file:/C:/xampp/htdocs/PhpProject1/Welcome2.php</file>
            <file>file:/C:/xampp/htdocs/PhpProject1/Scripts/eventListner.js</file>
            <file>file:/C:/xampp/htdocs/PhpProject1/Register.php</file>
        </group>
    </open-files>
</project-private>
